{
    "id": 567828,
    "title": "The Complete Python Bootcamp From Zero to Hero in Python",
    "price_detail": {
        "amount": 199.99,
        "currency": "USD",
        "price_string": "$199.99",
        "currency_symbol": "$"
    },
    "visible_instructors": [
        {
            "title": "Jose Portilla",
            "name": "Jose",
            "display_name": "Jose Portilla",
            "job_title": "Head of Data Science at Pierian Training",
        }
    ],
    "description": "<p><strong>Become a Python Programmer and learn one of employer's most requested skills of 2023!</strong><br></p><p>This is the <strong>most comprehensive, yet straight-forward, course for the Python programming language on Udemy!</strong> Whether you have never programmed before, already know basic syntax, or want to learn about the advanced features of Python, this course is for you! In this course we will&nbsp;<strong>teach you Python 3. </strong></p><p>With <strong>over 100 lectures</strong> and more than 21 hours of video this comprehensive course leaves no stone unturned! This course includes quizzes, tests, coding exercises and homework assignments as well as 3 major projects to create a Python project portfolio!</p><p><strong>Learn how to use Python for real-world tasks, such as working with PDF Files, sending emails, reading Excel files, Scraping websites for informations, working with image files, and much more!</strong></p><p>This course will teach you Python in a practical manner, with every lecture comes a full coding screencast and a corresponding code notebook! Learn in whatever manner is best for you!</p><p>We will start by helping you get Python installed on your computer, regardless of your operating system, whether its Linux, MacOS, or Windows, we've got you covered.</p><p>We cover a wide variety of topics, including:</p><ul><li><p>Command Line Basics</p></li><li><p>Installing Python</p></li><li><p>Running Python Code</p></li><li><p>Strings</p></li><li><p>Lists&nbsp;</p></li><li><p>Dictionaries</p></li><li><p>Tuples</p></li><li><p>Sets</p></li><li><p>Number Data Types</p></li><li><p>Print Formatting</p></li><li><p>Functions</p></li><li><p>Scope</p></li><li><p>args/kwargs</p></li><li><p>Built-in Functions</p></li><li><p>Debugging and Error Handling</p></li><li><p>Modules</p></li><li><p>External Modules</p></li><li><p>Object Oriented Programming</p></li><li><p>Inheritance</p></li><li><p>Polymorphism</p></li><li><p>File I/O</p></li><li><p>Advanced Methods</p></li><li><p>Unit Tests</p></li><li><p>and much more!</p></li></ul><p><strong>You will get lifetime access to over 100 lectures plus corresponding Notebooks for the lectures! </strong><br></p><p>This course comes with a <strong>30 day money back guarantee!</strong> If you are not satisfied in any way, you'll get your money back. Plus you will keep access to the Notebooks as a thank you for trying out the course!</p><p><strong>So what are you waiting for? Learn Python in a way that will advance your career and increase your knowledge, all in a fun and practical way!</strong></p>",
    "rating": 4.5551157,
    "image": "https://img-c.udemycdn.com/course/750x422/567828_67d0.jpg",
    "primary_subcategory": {
        "id": 12,
        "title": "Programming Languages",
        "title_cleaned": "programming-languages",
        "url": "/courses/development/programming-languages/",
        "type": "subcategory",
    },
    "what_you_will_learn_data": [
        "You will learn how to leverage the power of Python to solve tasks.",
        "You will build games and programs that use Python libraries.",
        "You will be able to use Python for your own work problems or personal projects.",
        "You will create a portfolio of Python based projects you can share.",
        "Learn to use Python professionally, learning both Python 2 and Python 3!",
        "Create games with Python, like Tic Tac Toe and Blackjack!",
        "Learn advanced Python features, like the collections module and how to work with timestamps!",
        "Learn to use Object Oriented Programming with classes!",
        "Understand complex topics, like decorators.",
        "Understand how to use both the Jupyter Notebook and create .py files",
        "Get an understanding of how to create GUIs in the Jupyter Notebook system!",
        "Build a complete understanding of Python from the ground up!"
    ],
    "estimated_content_length": 1334,
    "content_info": "22 total hours",
    "instructional_level": "All Levels",
}